elements,averageMs
10,0.000207482740000011
100,0.00022208909000000587
1000,0.0005788776999999926
10000,0.0038950875599999906
100000,0.03663558998999946
1000000,0.41201645789999675
10000000,3.947135128839981
